{
  "qegan": {
    "rewards": [
      -192.5492877048315,
      -191.38413500506098,
      -169.5398598757342,
      -146.95190227813384,
      -164.41349444369555,
      -156.04541628777832,
      -120.97428612432472,
      -125.74750941829637,
      -137.33737368181923,
      -115.60664888949468,
      -124.53510997778066,
      -118.77448721250894,
      -102.70797431591745,
      -129.9092110801947,
      -122.26087970954649,
      -100.28495179044164,
      -102.77604410300603,
      -78.85621775816706,
      -93.41500171469862,
      -97.42811547089916,
      -50.918639155650624,
      -73.14819290061965,
      -65.7933893863196,
      -85.39780469278152,
      -69.57767468676339,
      -57.288725460420416,
      -73.90415534792056,
      -48.82785166698189,
      -61.42619653541352,
      -54.866866320155815,
      -57.70623420241696,
      -19.193178369879227,
      -45.57768015103206,
      -59.73390352169125,
      -30.11258028384676,
      -59.43010464653046,
      -36.73037408779679,
      -68.07873770435054,
      -57.49689093318247,
      -33.57749202294379,
      -24.471704801779364,
      -32.054773786228715,
      -35.49145589416186,
      -37.45630311397238,
      -54.34911255433624,
      -42.246118396973465,
      -37.67813664084344,
      -14.272199361700373,
      -24.373216004360657,
      -55.407274636656524
    ],
    "losses": [
      392.5492877048315,
      391.384135005061,
      369.53985987573424,
      346.95190227813384,
      364.4134944436955,
      356.0454162877783,
      320.97428612432475,
      325.7475094182964,
      337.33737368181926,
      315.6066488894947,
      324.5351099777807,
      318.7744872125089,
      302.70797431591745,
      329.9092110801947,
      322.2608797095465,
      300.28495179044165,
      302.77604410300603,
      278.8562177581671,
      293.41500171469863,
      297.4281154708992,
      250.91863915565062,
      273.1481929006196,
      265.79338938631963,
      285.3978046927815,
      269.5776746867634,
      257.28872546042044,
      273.90415534792055,
      248.8278516669819,
      261.4261965354135,
      254.86686632015582,
      257.70623420241697,
      219.19317836987923,
      245.57768015103207,
      259.7339035216913,
      230.11258028384677,
      259.4301046465305,
      236.7303740877968,
      268.07873770435054,
      257.4968909331825,
      233.57749202294377,
      224.47170480177937,
      232.0547737862287,
      235.49145589416185,
      237.45630311397238,
      254.34911255433624,
      242.24611839697346,
      237.67813664084343,
      214.27219936170036,
      224.37321600436064,
      255.40727463665652
    ]
  },
  "classical_gnn": {
    "rewards": [
      -196.11099236726247,
      -197.15987895820513,
      -193.57196811447602,
      -171.3714622637027,
      -159.93737656216803,
      -155.05025290309302,
      -170.51507855662217,
      -158.66142911648413,
      -145.75538677881664,
      -133.063336898419,
      -145.80604703390415,
      -137.80441555483054,
      -144.5958901760671,
      -141.62944084804877,
      -113.68093906481258,
      -103.50384519909844,
      -117.17200276253786,
      -100.9672845913324,
      -105.53590007595092,
      -114.63871717861376,
      -99.73042102357218,
      -82.92138946636521,
      -99.25217042405723,
      -77.6180796898724,
      -125.5230834903052,
      -82.0304356120656,
      -88.76489953479143,
      -91.4174010315142,
      -84.84652614784034,
      -108.01042007878524,
      -85.09653290910715,
      -76.56051214686015,
      -61.57683894956074,
      -84.07283155514648,
      -86.17005452678991,
      -81.17267183578399,
      -62.91570377005511,
      -68.76668627182946,
      -77.93912568143925,
      -64.34928960033281,
      -68.32346065358243,
      -56.89528469430721,
      -76.02251204066583,
      -70.65448965688735,
      -70.59605031624561,
      -82.66251434352007,
      -60.79579006676182,
      -60.50282888612075,
      -62.89589143838255,
      -65.12779539408659
    ],
    "losses": [
      396.1109923672625,
      397.1598789582051,
      393.571968114476,
      371.3714622637027,
      359.937376562168,
      355.050252903093,
      370.51507855662214,
      358.6614291164841,
      345.7553867788166,
      333.06333689841904,
      345.8060470339042,
      337.80441555483054,
      344.5958901760671,
      341.6294408480488,
      313.6809390648126,
      303.50384519909846,
      317.1720027625379,
      300.9672845913324,
      305.5359000759509,
      314.6387171786138,
      299.73042102357215,
      282.9213894663652,
      299.2521704240572,
      277.6180796898724,
      325.5230834903052,
      282.0304356120656,
      288.7648995347914,
      291.4174010315142,
      284.84652614784034,
      308.0104200787853,
      285.09653290910717,
      276.56051214686016,
      261.57683894956074,
      284.0728315551465,
      286.1700545267899,
      281.172671835784,
      262.91570377005513,
      268.7666862718295,
      277.93912568143924,
      264.3492896003328,
      268.3234606535824,
      256.8952846943072,
      276.02251204066584,
      270.65448965688734,
      270.5960503162456,
      282.66251434352006,
      260.7957900667618,
      260.50282888612077,
      262.89589143838253,
      265.1277953940866
    ]
  },
  "vanilla_qgnn": {
    "rewards": [
      -218.39981964665537,
      -198.13171925878402,
      -190.11836587655986,
      -189.41341966679684,
      -174.70753955302578,
      -161.27740256695822,
      -136.20771377395943,
      -152.92272863829513,
      -146.56203859004066,
      -145.83814798888045,
      -165.005632182199,
      -135.8180431427954,
      -130.3125165928738,
      -94.89625133070906,
      -125.43351881385169,
      -115.20989348816173,
      -115.95281970899977,
      -127.23231822540072,
      -93.87949426420909,
      -95.80921927156514,
      -92.29361638849515,
      -111.52964969219353,
      -78.73344268955549,
      -112.58153011314114,
      -84.23580664718466,
      -61.01080066142012,
      -100.09452253133692,
      -92.41429840305746,
      -81.6911177126825,
      -87.56065402960026,
      -99.29336407015275,
      -76.4489291279324,
      -89.43798936957769,
      -67.83764463042186,
      -84.38807816115897,
      -50.79910947083479,
      -79.71144238141419,
      -72.36191414170868,
      -56.30744363633934,
      -81.65169778494081,
      -61.51730145258168,
      -46.359176554703495,
      -83.17852594848304,
      -58.85931541153074,
      -56.906239608184286,
      -49.190879440479875,
      -74.54744763024169,
      -74.7862310326142,
      -50.02709040281662,
      -52.18061424361719
    ],
    "losses": [
      418.3998196466554,
      398.131719258784,
      390.1183658765599,
      389.4134196667968,
      374.70753955302575,
      361.27740256695824,
      336.2077137739594,
      352.9227286382951,
      346.56203859004063,
      345.83814798888045,
      365.005632182199,
      335.81804314279543,
      330.3125165928738,
      294.89625133070905,
      325.4335188138517,
      315.2098934881617,
      315.95281970899975,
      327.2323182254007,
      293.8794942642091,
      295.80921927156515,
      292.29361638849514,
      311.5296496921935,
      278.7334426895555,
      312.5815301131411,
      284.23580664718463,
      261.01080066142015,
      300.0945225313369,
      292.41429840305744,
      281.6911177126825,
      287.56065402960024,
      299.29336407015273,
      276.4489291279324,
      289.4379893695777,
      267.8376446304219,
      284.388078161159,
      250.7991094708348,
      279.7114423814142,
      272.36191414170867,
      256.30744363633937,
      281.6516977849408,
      261.5173014525817,
      246.35917655470348,
      283.17852594848307,
      258.85931541153076,
      256.9062396081843,
      249.19087944047988,
      274.54744763024166,
      274.7862310326142,
      250.0270904028166,
      252.18061424361719
    ]
  }
}